Topology,Simulation Time CPP (Second),Simulation Time Python (Second)
dfn-bwin,0.00595975,0.00382113
polska,0.65417361,12.7347316
Germany_17,41.4893727,292.254739
Abilene,0.12827515,3.34252762
HiberniaUk,0.63272690,399.931676
