Topology,Simulation Time CPP (Second),Simulation Time Python (Second)
Abilene,0.11074161,3.03226375
dfn-bwin,0.00559163,0.00358533
Germany_17,39.7272546,281.684589
HiberniaUk,0.59456276,385.867606
polska,0.63462090,12.4803648
