Topology,Simulation Time CPP (Second),Simulation Time Python (Second)
Abilene,0.08366203,1.88492417
dfn-bwin,0.01421999,0.01313018
Germany_17,21.8759970,157.286358
HiberniaUk,0.35608601,210.341863
polska,0.36907124,6.71352744
