Topology,Simulation Time CPP (Second),Simulation Time Python (Second)
dfn-bwin,0.09098792,0.01269507
polska,1.15494513,7.00135207
Germany_17,40.6816997,155.969967
Abilene,0.26297879,1.67719030
HiberniaUk,1.41315770,207.820950
