Topology,Simulation Time CPP (Second),Simulation Time Python (Second)
dfn-bwin,0.02499151,0.00446272
polska,0.66173767,12.1179182
Germany_17,38.9778344,273.221599
Abilene,0.13225817,2.94015002
HiberniaUk,0.72056222,410.462584
