Topology,Simulation Time CPP (Second),Simulation Time Python (Second)
Abilene,0.15258097,2.99560666
dfn-bwin,0.02414941,0.01623439
Germany_17,41.2683398,290.921700
HiberniaUk,0.58790063,385.467930
polska,0.63627409,13.2349135
