Topology,Simulation Time CPP (Second),Simulation Time Python (Second)
Abilene,0.11739254,1.73414015
dfn-bwin,0.01387262,0.01371431
Germany_17,38.7326812,150.964793
HiberniaUk,0.56341218,202.646363
polska,0.62553596,6.83477425
