Topology,Simulation Time CPP (Second),Simulation Time Python (Second)
Abilene,0.11882305,3.02943706
dfn-bwin,0.01155328,0.00997138
Germany_17,41.2078838,283.665408
HiberniaUk,0.56921482,393.292831
polska,0.62671089,12.6886026
