Topology,Simulation Time CPP (Second),Simulation Time Python (Second),Number of Boolean Expressions,Number of Mincutsets
Abilene,0.10005235,2.45935892,536,238
dfn-bwin,0.00523376,0.00034857,90,90
Germany_17,36.7271416,246.786253,2717,1062
HiberniaUk,0.49583125,320.330433,1586,1456
polska,0.58768510,10.7942769,890,610
Nobel_EU50,4.23782659,NA,21942,5556
Nobel_EU,5.41961646,NA,26233,5168
Germany_50,43.4791340,NA,109601,21262
