Topology,Simulation Time CPP (Second),Simulation Time Python (Second),Number of Boolean Expressions
Abilene,0.10494065,2.84939837,359
dfn-bwin,0.00548410,0.00033498,0
Germany_17,39.2679028,268.821548,1934
HiberniaUk,0.57718419,372.338757,1430
polska,0.62619304,12.0092372,870
Germany_50,47.3618121,NA,87889
Nobel_EU,4.96342301,NA,23523
