Topology,Simulation Time CPP (Second),Simulation Time Python (Second)
Abilene,0.12437963,3.00686574
dfn-bwin,0.01193571,0.00970602
Germany_17,40.9372727,282.641010
HiberniaUk,0.58460044,392.337574
polska,0.63927578,12.6932632
