Topology,Simulation Time CPP (Second),Simulation Time Python (Second)
Abilene,0.15738892,0.66899180
dfn-bwin,0.06065607,0.05477523
Germany_17,35.8246710,56.1787195
HiberniaUk,0.49800872,97.1490437
polska,0.61335873,2.24943661
