Topology,Simulation Time CPP (Second),Simulation Time Python (Second),Number of Boolean Expressions,Number of Mincutsets
Abilene,0.10558581,2.88870644,469,238
dfn-bwin,0.00534557,0.00032377,90,90
Germany_17,39.1174175,269.822321,2206,1062
HiberniaUk,0.57650780,371.054416,1586,1456
polska,0.62615585,12.0294525,1002,610
Nobel_EU50,3.43316173,NA,18835,5556
Nobel_EU,4.87894487,NA,24279,5168
Germany_50,46.1611580,NA,90339,21262
