Topology,Simulation Time CPP (Second),Simulation Time Python (Second)
Abilene,0.11894989,1.78103780
dfn-bwin,0.01555466,0.02299022
Germany_17,39.1524097,151.013189
HiberniaUk,0.55969500,205.482294
polska,0.61407446,6.67277216
